sentence_id,language,text,tokens,animacy_labels,label_token_indexes,label_char_spans
tut-3323,it,"La prima sua opera che ci è conservata è la Madonna col Bambino, già nella fiorentina Collezione Contini Bonacossi, un tempo creduta opera di Leonardo e attribuita per la prima volta a Piero nel 1942 da Roberto Longhi, da far risalire agli anni 1435-1440, durante i quali era ancora collaboratore di Domenico Veneziano.",opera|Bambino|Collezione|tempo|opera|volta|anni|collaboratore,N|A|N|N|N|N|N|H,3|14|21|26|28|36|53|63,13-18|56-63|86-96|119-124|133-138|177-182|240-244|283-296
tut-3532,it,La battaglia di Austerlitz fu preceduta da una pesante sconfitta dell'esercito austriaco comandato dal generale Karl Mack von Leiberich a Ulma.,battaglia|sconfitta|esercito|generale,N|N|H|H,1|9|13|19,3-12|55-64|70-78|103-111
7_WIKIShake-218,it,"Con il crescere della sua maestria, Shakespeare ha dato ai suoi personaggi motivazioni più chiare e varie, e schemi di linguaggio distintivi.",maestria|personaggi|motivazioni|schemi|linguaggio,N|A|N|N|N,7|16|17|24|26,26-34|64-74|75-86|109-115|119-129
isst_tanl-370,it,"Tutti, incluse le autorità, conoscono la loro provenienza, ma nessuno dice e fa nulla per prevenire il massacro di capi selvatici.",autorità|provenienza|massacro|capi,H|N|N|A,4|9|20|22,18-26|46-57|103-111|115-119
7_WIKIShake-93,it,"Come testamento, Shakespeare lasciò l'enorme tenuta alla sua figlia maggiore, Susanna.",testamento|tenuta|figlia,N|N|H,1|7|12,5-15|45-51|61-67
isst_tanl-4114,it,Gli eredi presentarono ricorso.,eredi|ricorso,H|N,1|3,4-9|23-30
quest-619,it,Chi ha inventato il sassofono?,sassofono,N,4,20-29
tut-3211,it,"Il Reverendo, da ragazzo, come vedeva suo fratello, quello del lanternone, rompersi la schiena a zappare, e le sorelle che non trovavano marito neanche a regalarle, e la mamma la quale filava al buio per risparmiar l'olio della lucerna, aveva detto:",Reverendo|ragazzo|fratello|lanternone|schiena|sorelle|marito|mamma|buio|olio|lucerna,H|H|H|N|N|H|H|H|N|N|A,1|4|9|15|21|27|31|40|47|51|55,3-12|17-24|42-50|63-73|87-94|111-118|137-143|170-175|195-199|217-221|228-235
tut-2393,it,"La rabbia dei kosovari non può essere incanalata in un ambito istituzionale, allora cercano di esprimersi in modo diverso, è l'opinione prudente del rivale di Rugova, Adem Demaci, capo del partito parlamentare (Ppk), contrario a una guerra aperta contro Belgrado, ma anche a una politica passiva che porta diritto alla capitolazione.",rabbia|kosovari|ambito|modo|opinione|rivale|capo|partito|guerra|politica|capitolazione,N|H|N|N|N|H|H|N|N|N|N,1|5|12|22|27|32|39|43|52|61|69,3-9|14-22|55-61|109-113|127-135|149-155|180-184|189-196|233-239|279-287|319-332
tut-700,it,"L'usufruttuario può prendere nei boschi i pali occorrenti per le vigne e per le altre coltivazioni che ne abbisognano, osservando sempre la pratica costante della regione.",usufruttuario|boschi|pali|vigne|coltivazioni|pratica|regione,H|A|N|A|A|N|N,1|7|9|13|18|26|31,2-15|33-39|42-46|65-70|86-98|140-147|163-170
quest-2027,it,Quale strumento suonava il musicista jazz A Tatum?,strumento|musicista|jazz,N|H|N,1|4|5,6-15|27-36|37-41
tut-702,it,"L'usufruttuario può servirsi dei piantoni dei semenzai, ma deve osservare la pratica costante della regione per il tempo e il modo della estrazione e per la rimessa dei virgulti.",usufruttuario|piantoni|semenzai|pratica|regione|tempo|modo|estrazione|rimessa|virgulti,H|A|A|N|N|N|N|N|N|N,1|9|13|19|24|27|30|34|38|42,2-15|33-41|46-54|77-84|100-107|115-120|126-130|137-147|157-164|169-177
tut-1723,it,sia assistita da un interprete se non comprende o non parla la lingua impiegata nel processo.,interprete|lingua|processo,H|N|N,4|12|17,20-30|63-69|84-92
tut-1084,it,"Ciascun partecipante può esigere che siano estinte le obbligazioni in solido (1292) contratte per la cosa comune, le quali siano scadute o scadano entro l'anno dalla domanda di divisione.",partecipante|obbligazioni|solido|cosa|anno|domanda|divisione,H|N|N|N|N|N|N,1|8|10|17|28|32|34,8-20|54-66|70-76|101-105|155-159|166-173|177-186
isst_tanl-1659,it,"si snoda questo nastro di pietra come una serpe nel corpo rovente della roccia, sul fondo il crepitare azzurro, cilestrino, smeraldo delle onde del mare sulla costa, poi il sembiante dolomitico del Solaro che s'erge a dominare la scena.",nastro|pietra|serpe|corpo|roccia|fondo|onde|mare|costa|sembiante|scena,N|N|A|N|N|N|N|N|N|N|N,3|5|8|12|17|22|33|37|41|45|57,16-22|26-32|42-47|52-57|72-78|84-89|139-143|148-152|159-164|173-182|230-235
2Parole_1-111,it,Ma la musica e il cane non riescono a rallegrare Champion.,musica|cane,N|A,2|5,6-12|18-22
2_Europarl-3,it,"Come avrete avuto modo di constatare il grande ""baco del millennio"" non si è materializzato.",modo|baco|millennio,N|A|N,3|9|13,18-22|48-52|57-66
isst_tanl-3722,it,"Più concretamente, molti osservano che la troppa, l'incredibile facilità con la quale si acquistano armi da fuoco negli Usa certamente facilita il compito dello sciagurato che decide di giocare al genocidio privato.",facilità|armi|fuoco|compito|sciagurato|genocidio,N|N|N|N|H|N,11|17|19|27|31|39,64-72|100-104|108-113|147-154|161-171|197-206
tut-2962,it,Ma forse non è così e nel nuovo ecologismo c'è forse chi ancora vede negli animali dei totem.,ecologismo|animali|totem,N|A|A,10|20|22,32-42|75-82|87-92
2Parole_4-181,it,Samira Makhmalbaf ha dedicato il premio a tutte le donne del mondo.,premio|donne|mondo,N|H|N,5|9|13,33-39|51-56|61-66
tut-2732,it,"Niente di nuovo, in sostanza, sotto il cielo della 'terra delle aquile', ma le dimensioni della stangata questa volta sono colossali.",sostanza|cielo|terra|aquile|dimensioni|stangata|volta,N|N|N|A|N|N|N,5|9|14|18|23|27|29,20-28|39-44|52-57|64-70|79-89|96-104|112-117
isst_tanl-1729,it,"si prodigò, anzi, per far prenotare duecentoquaranta copie da amici e conoscenti.",copie|amici|conoscenti,N|H|H,9|11|13,53-58|62-67|70-80
tut-3214,it,"Si vede che è roba di un servo di Dio, e conviene lavorare per lui che ci ha in mano la messa e la benedizione!",roba|servo|Dio|mano|messa|benedizione,N|H|A|N|N|N,4|7|9|20|22|25,14-18|25-30|34-37|80-84|88-93|99-110
tut-386,it,"Il fondo inferiore è soggetto a ricevere le acque che dal fondo più elevato scolano naturalmente, senza che sia intervenuta l'opera dell'uomo (1).",fondo|acque|fondo|opera|uomo,N|N|N|N|A,1|8|13|24|28,3-8|44-49|58-63|126-131|137-141
tut-1164,it,Il deposito non produce effetto se il debitore lo ritira prima che sia stato accettato dal creditore o prima che sia stato riconosciuto valido con sentenza passata in giudicato.,deposito|effetto|debitore|creditore|sentenza|giudicato,N|N|H|H|N|N,1|4|7|18|27|30,3-11|24-31|38-46|91-100|147-155|167-176
8_WIT3-36,it,"E quel fluire di vita, dalla base fino alla cima della piramide, è il flusso vitale che gli ecologi vedono.",vita|base|cima|piramide|flusso|ecologi,A|N|N|N|N|N,4|9|14|18|22|26,17-21|29-33|44-48|55-63|70-76|92-99
isst_tanl-4094,it,"Una lettera firmata giunta da Genova il 4 agosto alla presidenza del Consiglio segnalò che Galeazzo Ciano, alla morte del padre avvenuta il 27 giugno 1939, aveva denunciato, per l'eredità lasciatagli da Costanzo, il valore di 100.000 lire.",lettera|agosto|presidenza|morte|padre|giugno|eredità|valore|lire,N|N|N|N|H|N|N|N|N,1|8|12|25|29|33|41|49|52,4-11|42-48|54-64|112-117|122-127|143-149|180-187|216-222|234-238
2Parole_4-88,it,"I funghi crescono nei boschi alla fine dell'estate e in autunno, dopo le giornate di pioggia.",funghi|boschi|fine|estate|autunno|giornate|pioggia,A|N|N|N|N|N|N,1|6|10|14|17|21|23,2-8|22-28|34-38|44-50|56-63|73-81|85-92
tut-3627,it,Nel periodo precedente alla seconda guerra mondiale il Ministro per le Ferrovie non permise che nuove linee private attraversassero la Yamanote per arrivare nei quartieri centrali.,periodo|guerra|Ministro|Ferrovie|linee|quartieri,N|N|H|N|N|N,3|9|12|15|20|30,4-11|36-42|55-63|71-79|102-107|161-170
quest-732,it,Quanti campionati mondiali di Formula 1 vinse il pilota brasiliano Ayrton Senna?,campionati|pilota,N|H,1|8,7-17|49-55
2Parole_6-167,it,Gli studenti che frequenteranno anche il quinto anno faranno l’esame di Stato per iscriversi all’università.,studenti|anno|esame|Stato|università,H|N|N|N|N,1|7|10|12|20,4-12|27-31|63-68|72-77|97-107
tut-78,it,Il proprietario può impedire l'accesso consegnando la cosa o l'animale [8963].,proprietario|accesso|cosa|animale,H|N|N|A,1|5|8|11,3-15|31-38|54-58|63-70
quest-1167,it,Quanto corre veloce un ghepardo?,ghepardo,A,4,23-31
9_PS-557,it,La zanzara maschio viene riprodotta nel laboratorio con una mutazione specifica da cui nascono delle zanzare con alti livelli di una proteina che inibisce il funzionamento normale delle cellule facendole morire prima che raggiungano la maturità.,zanzara|maschio|laboratorio|mutazione|zanzare|livelli|proteina|funzionamento|cellule|maturità,A|A|N|N|A|N|N|N|A|N,1|2|8|11|17|20|23|27|32|41,3-10|11-18|40-51|60-69|101-108|118-125|133-141|158-171|186-193|236-244
quest-1647,it,In quanto tempo può ucciderti un cobra?,tempo|cobra,N|A,2|8,10-15|33-38
2Parole_6-256,it,"Il riso è utile per curare i disturbi dell'intestino, dello stomaco e soprattutto l'ulcera.",riso|disturbi|intestino|stomaco|ulcera,A|N|N|N|N,1|7|11|16|20,3-7|29-37|43-52|60-67|84-90
2Parole_2-55,it,Oppure sono ragazzi o adulti italiani che hanno studiato poco o male e non capiscono i testi difficili.,ragazzi|adulti|testi,H|A|N,2|4|16,12-19|22-28|87-92
2Parole_4-91,it,"Quando andiamo nei boschi a cercare i funghi, portiamo un cestino di vimini con noi.",boschi|funghi|cestino|vimini,N|A|N|N,5|9|13|15,19-25|38-44|58-65|69-75
isst_tanl-444,it,"soccorritori che portavano aiuti al popolo in guerra, isolati turisti hanno conosciuto da vicino la ferocia di miliziani e guerriglieri.",soccorritori|aiuti|popolo|guerra|turisti|ferocia|miliziani|guerriglieri,H|N|H|N|H|N|H|H,0|3|7|9|12|18|20|22,0-12|27-32|36-42|46-52|62-69|100-107|111-120|123-135
tut-2498,it,"Ma se sarà messo con le spalle al muro dai clan che si stanno scontrando nel suo partito, allora anche l'Albania post-comunista diventerà vittima del demone dei Balcani.",spalle|muro|clan|partito|vittima|demone,N|N|H|N|H|A,6|10|14|23|33|37,24-30|34-38|43-47|81-88|138-145|150-156
quest-61,it,Quali esseri viventi sono in grado di assorbire l'anidride carbonica?,esseri|grado|anidride,A|N|N,1|5|9,6-12|29-34|50-58
isst_tanl-1672,it,Il popolare etologo ha esordito nel giallo:,etologo|giallo,A|N,2|8,12-19|36-42
8_WIT3-43,it,"Alcuni inquinanti li abbiamo creati noi, molecole come i PCB, che il nostro organismo non riesce a scindere, e che finiscono alla base di quella piramide, e risalgono, e in quel modo vengono passati verso l'alto, ai predatori fino ai predatori in cima alla piramide.",inquinanti|molecole|organismo|base|piramide|modo|predatori|predatori|cima|piramide,N|N|A|N|N|N|A|A|N|N,1|7|15|27|30|38|48|53|55|59,7-17|41-49|76-85|130-134|145-153|178-182|216-225|234-243|247-251|257-265
quest-1107,it,Quale uccello depone uova blu?,uccello|uova,A|A,1|3,6-13|21-25
quest-1206,it,"Chi disse ""la musica ha il potere di calmare la bestia selvaggia""?",musica|potere|bestia,N|N|A,4|7|11,14-20|27-33|48-54
isst_tanl-2792,it,"Alla fermata del 36 barrato, in piazza dei Cinquecento, c'è la signora Gina Fogli, 74 anni:",fermata|piazza|signora|anni,N|N|H|N,3|11|20|25,5-12|32-38|63-70|86-90
tut-705,it,"Se la mandria o il gregge perisce interamente per causa non imputabile all'usufruttuario, questi non è obbligato verso il proprietario che a rendere conto delle pelli o del loro valore.",mandria|gregge|causa|usufruttuario|proprietario|conto|pelli|valore,A|A|N|H|H|N|N|N,2|5|9|15|23|27|31|37,6-13|19-25|50-55|75-88|122-134|149-154|161-166|178-184
2Parole_2-90,it,Le cocciniglie sono insetti che si attaccano ai rami e alle foglie e che si nascondono sotto piccoli scudi bianchi.,cocciniglie|insetti|rami|foglie|scudi,A|A|N|N|N,1|3|10|15|22,3-14|20-27|48-52|60-66|101-106
isst_tanl-2652,it,"La guardia giurata ha subito chiamato il 113 e sul posto sono stati trovati i resti inequivocabili di una cerimonia allestita per propiziare la benevolenza dell'angelo Maligno o, chissà, semplicemente per prendersi burla della credulità popolare.",guardia|posto|resti|cerimonia|benevolenza|angelo|burla|credulità,H|N|N|N|N|A|N|N,1|12|17|21|26|30|41|45,3-10|51-56|78-83|106-115|144-155|161-167|215-220|227-236
tut-3164,it,"Le comari che avevano invidiato a Peppa il seminato prosperoso, la mula baia, e il bel giovanotto che portava lo stendardo di Santa Margherita senza piegar le reni, andavano dicendo ogni sorta di brutte storie, che Gramigna veniva a trovare la ragazza di notte in cucina, e che glielo avevano visto nascosto sotto il letto.",comari|seminato|mula|giovanotto|stendardo|reni|sorta|storie|ragazza|notte|cucina|letto,H|N|A|H|N|N|N|N|H|N|N|N,1|8|12|18|22|29|34|37|45|47|49|61,3-9|43-51|67-71|87-97|113-122|159-163|187-192|203-209|244-251|255-260|264-270|317-322
4_FB-51,it,Raggiungi i tuoi clienti.,clienti,H,3,17-24
5_WIKIBalzac-136,it,"La scrittura è semplice, ma i personaggi dinamici e complessi (soprattutto quello della borghese che dà il titolo all'opera).",scrittura|personaggi|borghese|titolo|opera,N|A|H|N|N,1|7|17|21|25,3-12|30-40|88-96|107-113|118-123
quest-1367,it,In quale periodo dell'anno il falco pellegrino si accoppia?,periodo|anno|falco,N|N|A,2|6|8,9-16|22-26|30-35
2Parole_5-179,it,Le donne che lavorano e hanno figli sono costrette spesso a sacrificare la loro carriera o a rinunciare al loro lavoro.,donne|figli|carriera|lavoro,H|H|N|N,1|6|14|22,3-8|30-35|80-88|112-118
isst_tanl-713,it,"le donne danno la scalata al potere in modo più diretto e dunque più ingenuo, perciò finiscono con lo scannarsi tra di loro.",donne|scalata|potere|modo,H|N|N|N,1|4|8|10,3-8|18-25|29-35|39-43
2Parole_1-245,it,Per trasportare i gatti ci sono cestini chiusi con uno sportello che lasciano passare l'aria necessaria per respirare.,gatti|cestini|sportello|aria,A|N|N|N,3|6|10|15,18-23|32-39|55-64|88-92
isst_tanl-968,it,ora ci sono colonne di serbi in marcia verso Banja Luca dalle città e dai villaggi della Kranjia.,colonne|serbi|marcia|città|villaggi,N|H|N|N|N,3|5|7|14|19,12-19|23-28|32-38|62-67|74-82
9_PS-470,it,Gli esseri umani hanno cinque competenze fondamentali applicabili al mondo del lavoro:,esseri|competenze|mondo|lavoro,A|N|N|N,1|5|11|15,4-10|30-40|69-74|79-85
isst_tanl-3736,it,"Si parte per vedere il mostro e si incontra, con un brivido, un uomo.",mostro|brivido|uomo,A|N|H,5|12|15,23-29|52-59|64-68
isst_tanl-1805,it,"Ci stiamo cinque mesi all'anno, scriviamo qui tutti i nostri spettacoli, e ogni volta riuniamo gli amici per una prima lettura"".",mesi|anno|spettacoli|volta|amici|lettura,N|N|N|N|H|N,3|7|14|18|21|25,17-21|26-30|61-71|80-85|99-104|119-126
isst_tanl-367,it,Creato nel 1925 sta però lentamente morendo per il bracconaggio esercitato dai profughi ruandesi (soprattutto di etnia hutu) e dei militari zairoti.,bracconaggio|profughi|etnia|militari,N|H|N|H,11|16|21|28,51-63|79-87|113-118|131-139
5_WIKIBalzac-130,it,"Il 1831 vide il successo de la Peau de Chagrin (la pelle d'asino o la pelle magica), una storia a sfondo morale che parla di un giovane uomo senza speranze di nome Raphaël de Valentin che trova una pelle di animale che dava potere e ricchezza.",successo|pelle|asino|pelle|storia|sfondo|uomo|speranze|nome|pelle|animale|potere|ricchezza,N|N|A|N|N|N|H|N|N|N|A|N|N,4|12|14|17|22|24|31|33|35|42|44|47|49,16-24|51-56|59-64|70-75|89-95|98-104|136-140|147-155|159-163|198-203|207-214|224-230|233-242
2Parole_6-136,it,La mangiatoia è la parte della stalla dove gli animali mangiano.,mangiatoia|parte|stalla|animali,N|N|N|A,1|4|8|11,3-13|19-24|31-37|47-54
test-292,it,La vita è diventata pura scenografia.,vita|scenografia,A|N,1|5,3-7|25-36
tut-2111,it,"- fornire formazione/informazioni al personale di nuova assunzione ed estendere la formazione anche ai settori che hanno meno fruito del programma Pericle (agenti finanziari, pubblici ministeri e personale tecnico);",formazione|informazioni|personale|assunzione|formazione|settori|programma|agenti|ministeri|personale,N|N|H|N|N|N|N|H|N|H,2|4|8|11|15|20|28|31|35|37,10-20|21-33|37-46|56-66|83-93|103-110|137-146|156-162|184-193|196-205
isst_tanl-3956,it,"Rochester è una pianura deserta, un oceano di cereali da cui emergono come isole le rare fattorie affiancate da silos metallici.",pianura|oceano|cereali|isole|fattorie|silos,N|N|A|N|N|N,3|7|9|14|17|20,16-23|36-42|46-53|75-80|89-97|112-117
2Parole_1-21,it,"Spesso per vedere la televisione, le persone si riunivano la sera nelle case dei vicini che avevano potuto comprare il televisore.",televisione|persone|sera|case|vicini|televisore,N|H|N|N|H|N,4|7|11|15|19|25,21-32|37-44|61-65|72-76|81-87|119-129
tut-2743,it,"A maggio, subito dopo la festa dei lavoratori, il governo presenterà al tavolo del welfare le sue proposte.",maggio|festa|lavoratori|governo|tavolo|welfare|proposte,N|N|H|N|N|N|N,1|6|10|13|18|22|25,2-8|25-30|35-45|50-57|72-78|83-90|98-106
quest-1389,it,Di che razza era il cavallo Trigger di Roy Rogers?,razza|cavallo,N|A,2|5,7-12|20-27
8_WIT3-61,it,"I delfini mangiano il pesce che ha ingerito i PCB attraverso il plankton, e quei PCB, essendo liposolubili, si accumulano in questi delfini.",delfini|pesce|plankton|delfini,A|A|A|A,1|4|12|25,2-9|22-27|64-72|132-139
2Parole_5-97,it,Pinocchio si trova molte volte nei guai e la Fata dai capelli turchini aiuta Pinocchio a salvarsi quando è in pericolo.,volte|guai|Fata|capelli|turchini|pericolo,N|N|A|N|A|N,4|8|11|15|16|26,25-30|35-39|45-49|54-61|62-70|110-118
tut-294,it,"Per gli alberi che nascono o si piantano nei boschi, sul confine con terreni non boschivi, o lungo le strade o le sponde dei canali, si osservano, trattandosi di boschi, canali e strade di proprietà privata, i regolamenti e, in mancanza, gli usi locali.",alberi|boschi|confine|terreni|strade|sponde|canali|boschi|canali|strade|proprietà|regolamenti|mancanza|usi,A|A|N|N|N|N|N|N|N|N|N|N|N|N,2|11|16|18|25|28|32|41|43|45|47|51|55|58,8-14|45-51|57-64|69-76|102-108|114-120|125-131|162-168|170-176|179-185|189-198|210-221|228-236|242-245
quest-2002,it,Quanti tentacoli hanno realmente i calamari?,tentacoli|calamari,N|A,1|5,7-16|35-43
isst_tanl-1029,it,"Tra loro, impegnato al fronte, c'è il figlio di Elvia Fabianic, la presidente della Comunità italiana di Fiume.",fronte|figlio|presidente|Comunità,N|H|H|H,7|12|18|22,23-29|38-44|67-77|84-92
quest-879,it,Chi è il presidente degli Stati Uniti?,presidente,H,3,9-19
tut-2251,it,"I poliziotti di guardia, non più di cinque, hanno dovuto per forza lasciar fare.",poliziotti|guardia|forza,H|H|N,1|3|13,2-12|16-23|61-66
quest-1719,it,Chi era il dio degli antichi Egiziani che era patrono della musica e del piacere?,dio|Egiziani|patrono|musica|piacere,A|H|A|N|N,3|8|11|15|20,11-14|29-37|46-53|60-66|73-80
tut-3788,it,Tessuti di lino sono utilizzati nel ricamo a Punto croce e in altri ricami a fili contati.,Tessuti|lino|ricamo|Punto|croce|ricami|fili,N|A|N|N|N|N|N,0|2|8|10|11|15|17,0-7|11-15|36-42|45-50|51-56|68-74|77-81
2Parole_6-137,it,"Nel presepe i personaggi del Vangelo sono rappresentati da statuette di legno, di gesso o di plastica.",presepe|personaggi|statuette|legno|gesso|plastica,N|A|N|N|N|N,3|5|13|15|18|21,4-11|14-24|59-68|72-77|82-87|93-101
isst_tanl-1210,it,"ROMA - Le signore inglesi non gradiscono le attenzioni dei ""pappagalli"" romani.",signore|attenzioni|pappagalli,H|N|A,3|8|13,10-17|44-54|60-70
2Parole_5-180,it,Il miele è una sostanza dolce prodotta dalle api.,miele|sostanza|api,N|N|A,1|4|10,3-8|15-23|45-48
8_WIT3-29,it,"Il legame tra la salute dell'oceano e quella degli esseri umani, in realtà si fonda su un paio di semplici modi di dire.",legame|salute|oceano|esseri|realtà|paio|modi,N|N|N|A|N|N|N,1|4|8|14|18|23|26,3-9|17-23|29-35|51-57|68-74|90-94|107-111
isst_tanl-4078,it,La città le appartiene e la clinica non lascia spazio al turista.,città|clinica|spazio|turista,N|N|N|H,1|6|9|13,3-8|28-35|47-53|57-64
tut-1657,it,"Si possono con legge stabilire limitazioni al diritto d'iscriversi ai partiti politici per i magistrati, i militari di carriera in servizio attivo, i funzionari ed agenti di polizia, i rappresentanti diplomatici e consolari all'estero.",legge|limitazioni|diritto|partiti|magistrati|militari|carriera|servizio|funzionari|agenti|polizia|rappresentanti|estero,N|N|N|N|H|H|N|N|H|N|N|H|N,3|5|9|17|21|24|26|28|32|34|36|39|46,15-20|31-42|46-53|70-77|93-103|107-115|119-127|131-139|150-160|164-170|174-181|185-199|228-234
isst_tanl-1269,it,Lo scontro più grave è avvenuto a Polignana a Mare (Bari) dove hanno perso la vita tre persone fra cui un padre e la figlia di 10 anni mentre un'altra figlia di 3 è in fin di vita.,scontro|vita|persone|padre|figlia|anni|figlia|fin|vita,N|A|H|H|H|N|H|N|A,1|17|19|23|26|29|33|38|40,3-10|78-82|87-94|106-111|117-123|130-134|151-157|168-171|175-179
isst_tanl-3797,it,"La presenza femminile nelle carceri è raddoppiata nel decennio '74-'84, periodo nel quale sono aumentati i detenuti per terrorismo e per tossicodipendenza:",presenza|carceri|decennio|periodo|detenuti|terrorismo|tossicodipendenza,N|N|N|N|H|N|N,1|6|12|17|25|27|30,3-11|28-35|54-62|72-79|107-115|120-130|137-154
3_UDHR-14,it,Tutti gli esseri umani nascono liberi ed eguali in dignità e diritti.,esseri|dignità|diritti,A|N|N,2|9|11,10-16|51-58|61-68
2Parole_2-153,it,"Lavo il coniglio sotto l'acqua corrente, poi lo metto in una ciotola e lo copro con acqua fredda e il bicchiere di aceto.",coniglio|acqua|ciotola|acqua|bicchiere|aceto,A|N|N|N|N|N,2|5|13|18|22|24,8-16|25-30|61-68|84-89|102-111|115-120
isst_tanl-2945,it,"il ceppo di legno da esecuzioni sul quale il colpevole, armato di accetta, doveva accanirsi a ridurre a brandelli le uniformi divenute inservibili, per evitarne un uso subdolo da parte di malintenzionati.",ceppo|legno|esecuzioni|colpevole|accetta|brandelli|uniformi|uso|parte|malintenzionati,N|N|N|H|N|N|N|N|N|H,1|3|5|11|15|24|26|35|38|40,3-8|12-17|21-31|45-54|66-73|104-113|117-125|164-167|179-184|188-203
quest-1901,it,Come si chiamano i piccoli del tacchino?,tacchino,A,8,31-39
9_PS-481,it,"Oggi, la direzione del progresso tecnologico va verso lo spostamento dagli esseri umani alle macchine di ampie parti delle funzioni di supervisione dei procedimenti e delle procedure in corso, sia nell'ambito del lavoro degli operai che in quello degli impiegati.",direzione|progresso|spostamento|esseri|macchine|parti|funzioni|supervisione|procedimenti|procedure|corso|ambito|lavoro|operai|impiegati,N|N|N|A|N|N|N|N|N|N|N|N|N|H|H,3|7|12|16|21|24|28|30|34|39|41|47|51|55|62,9-18|23-32|57-68|75-81|93-101|111-116|123-131|135-147|152-164|173-182|186-191|202-208|213-219|226-232|253-262
2Parole_1-246,it,"Nei treni, negli aerei, nelle navi, ci sono reparti appositi per i cani, i gatti e altri animali domestici.",treni|aerei|navi|reparti|cani|gatti|animali,N|N|N|N|A|A|A,3|8|13|17|21|24|27,4-9|17-22|30-34|44-51|67-71|75-80|89-96
isst_tanl-2645,it,"Dal nostro inviato Civitavecchia - Il luogo del demonio è un quadrivio polveroso, nella zona industriale della città.",inviato|luogo|demonio|quadrivio|zona|città,H|N|A|N|N|N,4|8|12|15|21|26,11-18|38-43|48-55|61-70|88-92|111-116
2Parole_1-250,it,"Questi giovani vengono a casa nostra finché siamo via, e danno cibo e acqua al nostro gatto o cane e lo portano a passeggio.",giovani|casa|cibo|acqua|gatto|cane|passeggio,H|N|N|N|A|A|N,1|4|12|14|19|21|26,7-14|25-29|63-67|70-75|86-91|94-98|114-123
isst_tanl-1082,it,"L'umanità deve proclamare uno storico sciopero ad oltranza fino alla distruzione di tutti gli armamenti nucleari"".",umanità|sciopero|oltranza|distruzione|armamenti,A|N|N|N|N,1|6|8|13|17,2-9|38-46|50-58|69-80|94-103
5_WIKIBalzac-189,it,Il viaggio di dieci ore per recarsi alla cerimonia e tornare indietro ebbe un costo sia per il marito che per la moglie:,viaggio|ore|cerimonia|costo|marito|moglie,N|N|N|N|H|H,1|4|12|18|22|26,3-10|20-23|41-50|78-83|95-101|113-119
tut-3821,it,"Dalla seconda metà del Novecento la sua produzione fu superata prima dal cotone e da altre fibre di origine vegetale, poi dalle fibre artificiali e sintetiche.",metà|Novecento|produzione|cotone|fibre|origine|fibre,N|N|N|A|N|N|N,4|8|11|18|22|24|31,14-18|23-32|40-50|73-79|91-96|100-107|128-133
tut-3133,it,"Per rincorrere e ammirare le acrobazie dei protagonisti dei «Faraoni» abbiamo percorso oltre 2500 chilometri nel deserto e, confessiamo, qualche preoccupazione è spuntata alla vista di quella vetturetta (che in Italia arriverà solo nella prossima primavera) dotata della sola trazione anteriore, che ci avrebbe tenuto compagnia nel singolare test.",acrobazie|protagonisti|chilometri|deserto|preoccupazione|vista|vetturetta|primavera|trazione|compagnia|test,N|H|N|N|N|N|N|N|N|N|N,5|9|20|24|30|36|39|50|57|64|69,29-38|43-55|98-108|113-120|145-159|176-181|192-202|247-256|276-284|318-327|342-346
quest-884,it,Chi è il presidente della Russia?,presidente,H,3,9-19
quest-1751,it,"Quale personaggio shakespeariano ha detto ""... la legge è un asino""?",personaggio|legge|asino,N|N|A,1|8|11,6-17|50-55|61-66
quest-1261,it,Quale famoso poeta spagnolo morì durante la Guerra Civile Spagnola?,poeta|Guerra,H|N,2|7,13-18|44-50
quest-194,it,Quanti panda ci sono allo stato brado in China?,panda|stato,A|N,1|7,7-12|26-31
isst_tanl-1354,it,"Ho cercato di fermare due automobilisti, poi ho visto passare un taxi e mi sono fatto portare qui"".",automobilisti|taxi,H|N,5|12,26-39|65-69
tut-3740,it,I campi di competenza dei due organismi mantenevano caratteristiche simili a quelli stabiliti per i satelliti precedenti.,campi|competenza|organismi|caratteristiche|satelliti,N|N|A|N|N,1|3|8|10|17,2-7|11-21|30-39|52-67|100-109
tut-1133,it,Il debitore che ha eseguito la prestazione dovuta non può impugnare il pagamento a causa della propria incapacità.,debitore|prestazione|pagamento|causa|incapacità,H|N|N|N|N,1|6|12|14|19,3-11|31-42|71-80|83-88|103-113
5_WIKIBalzac-124,it,"""Come suo padre che aveva costruito la sua strada dalla povertà alla società rispettabile, Balzac considerava il duro lavoro e la fatica il vero marchio di nobiltà.",padre|strada|povertà|società|lavoro|fatica|marchio|nobiltà,H|N|N|H|N|N|N|N,3|9|13|17|24|27|30|32,10-15|43-49|56-63|69-76|118-124|130-136|145-152|156-163
8_WIT3-87,it,"E quelle parti di delfino contenevano un tasso di PCB elevatissimo, diossine e metalli pesanti.",parti|delfino|tasso|diossine|metalli,N|A|A|N|N,2|4|7|12|14,9-14|18-25|41-46|68-76|79-86
9_PS-343,it,"Pur così, le sue prospettive di crescita appaiono vacillanti, e questo a causa del galoppante declino della sua popolazione in età lavorativa, destinata a diminuire del 25% entro il 2050, nonché della crescente concorrenza della Cina e di altre economie emergenti.",prospettive|crescita|causa|declino|popolazione|età|concorrenza|economie,N|N|N|N|H|N|N|N,5|7|14|19|24|26|46|54,17-28|32-40|73-78|94-101|112-123|127-130|211-222|245-253
2Parole_1-143,it,L'henné è una radice indiana che rinforza i capelli.,henné|radice|capelli,A|N|N,1|4|9,2-7|14-20|44-51
quest-832,it,"Chi era soprannominato ""la volpe del deserto""?",volpe|deserto,A|N,5|9,27-32|37-44
quest-1750,it,Quante zampe ha un scarafaggio?,zampe|scarafaggio,N|A,1|4,7-12|19-30
isst_tanl-1664,it,"L'intensità di queste piccole tele ci dicono che Diefenbach fu un pittore dotato, dalla voce autentica che seppe dire parole non banali su temi che erano già a quel tempo stati intaccati dall'erba maligna del luogo comune.",intensità|tele|pittore|voce|parole|temi|tempo|erba|luogo,N|N|H|N|N|N|N|A|N,1|5|12|18|23|27|33|39|44,2-11|30-34|66-73|88-92|118-124|139-143|165-170|192-196|209-214
tut-691,it,"Se nell'usufrutto sono compresi boschi o filari cedui ovvero boschi o filari di alto fusto destinati alla produzione di legna, l'usufruttuario può procedere ai tagli ordinari, curando il mantenimento dell'originaria consistenza dei boschi o dei filari e provvedendo, se occorre, alla loro ricostituzione.",usufrutto|boschi|filari|boschi|filari|fusto|produzione|legna|usufruttuario|tagli|mantenimento|consistenza|boschi|filari|ricostituzione,N|A|A|A|A|N|N|N|H|N|N|N|A|A|N,4|7|9|12|14|17|22|24|27|33|38|43|47|52|63,8-17|32-38|41-47|61-67|70-76|85-90|106-116|120-125|129-142|160-165|187-199|216-227|232-238|245-251|289-303
